﻿#,最近10天笔记回顾,ext:md path:d:\2Assort dm:this10days
#,Books,path:Z:\2Books^|D:\2Books ext:mobi;epub;txt;pdf;azw3
#,Recent (14 Days) Docs,ext:pptx;ppt;xls;xlsx;md;docx dc:this14days
#,Markdown (2Assort >202201),ext:md dm:^>=202201 path:D:\2Assort
#,Saved SingleFiles,ext:html regex:\d{2}_\d{2}\)\.html dm:^>202101
#,GTD records (最近7天),file:path:D:\2Assort dm:this7days
#,最近下载(最近14天),file:path:D:\Downloads^|D:\IDMDownloads^|D:\BaiduNetdiskDownload dc:this14days