﻿#,回顾笔记（最近30天）,any: created:day-30 updated:day-30
#,回顾笔记（最近3个月）,any: created:month-3 updated:month-3
#,带附件的笔记(With attachment),any: resource:application/octet-stream resource:application/*
#,网页剪藏笔记(From Webclip),source:web.clip*
#,本地文件保存笔记(From File),sourceApplication:yinxiang.win32
#,邮件转存笔记(From Mail),source:mail.smtp*
#,PDF 附件,resource:application/pdf
#,Ebooks 电子书 附件,any: resource:application/epub* resource:application/mobi*
#,Word 附件,any: esource:application/msword resource:application/vnd.ms-word resource:application/vnd.openxmlformats-officedocument.wordprocessingml.document
#,Excel 附件,any: resource:application/excel resource:application/vnd.ms-excel resource:application/vnd.openxmlformats-officedocument.spreadsheetml.sheet
#,PPT 附件,any: resource:application/vnd.ms-powerpoint* resource:application/vnd.openxmlformats-officedocument.presentationml.presentation
-
#,创造型快乐经验体验,intitle:创造型快乐经验体验
#,印象笔记搜索技巧标记,intitle:印象笔记搜索技巧标记
#,N=B网站收藏,tag:N=B网站收藏
#,最强导航网站,intitle:最强导航网站
#,shortcuts,tag:shortcuts
#,说明书,tag:说明书
#,速查手册,tag:速查手册
#,自律调整实践,intitle:自律调整实践
#,1=常用,tag:1=常用
#,100=英语,tag:100=英语
#,101=阅读,tag:101=阅读
#,102=段子,tag:102=段子
#,102=金句,tag:102=金句
#,2=手机前,tag:2=手机前
#,2=西班牙,tag:2=西班牙
#,301=团队管理,tag:301=团队管理
#,88=随手日记,tag:88=随手日记
#,99=国家机构,tag:99=国家机构
#,L=B书单,tag:L=B书单
#,L=N笔记,tag:L=N笔记
#,L=滴答清单,tag:L=滴答清单
#,N=0索引,tag:N=0索引
#,N=C学习卡片,tag:N=C学习卡片
#,TODO=task,tag:TODO=task
#,国家标准,tag:国家标准
#,课=每日背三句,tag:课=每日背三句
#,欧洲地图区划地形,tag:欧洲地图区划地形
#,排名榜单,tag:排名榜单
#,群=侃英语,tag:群=侃英语
#,微信,tag:微信
#,心愿=种草,tag:心愿=种草
#,英语口语练习,tag:英语口语练习


